{
  "metadata": {
    "fps": 30.0,
    "width": 1280,
    "height": 720,
    "frame_count": 268,
    "duration": 8.933333333333334
  },
  "num_frames": 264,
  "statistics": {
    "arm_angle": {
      "left": {
        "mean": 123.45094672314775,
        "std": 29.54458533506584
      },
      "right": {
        "mean": 146.78456513634654,
        "std": 26.527997736965624
      }
    },
    "leg_angle": {
      "left": {
        "mean": 164.2243194609784,
        "std": 10.87672065922486
      },
      "right": {
        "mean": 158.22924279838412,
        "std": 12.03625639153164
      }
    },
    "arm_height": {
      "left": {
        "mean": -37.35625076293945,
        "std": 24.779739379882812
      },
      "right": {
        "mean": -62.263648986816406,
        "std": 49.50840759277344
      }
    },
    "leg_height": {
      "left": {
        "mean": 18.561298139167555,
        "std": 21.754626218570664
      },
      "right": {
        "mean": 8.94789135094845,
        "std": 20.257790492184988
      }
    },
    "head_angle": {
      "mean": 20.441948826340706,
      "std": 5.5602968919596325
    },
    "step_rhythm": {
      "steps_per_minute": null,
      "detected": false
    }
  }
}