{
  "metadata": {
    "fps": 30.0,
    "width": 1280,
    "height": 720,
    "frame_count": 47,
    "duration": 1.5666666666666667
  },
  "num_frames": 47,
  "statistics": {
    "arm_angle": {
      "left": {
        "mean": 124.81932537293055,
        "std": 19.342366334268092
      },
      "right": {
        "mean": 154.13286073901344,
        "std": 16.58558538205713
      }
    },
    "leg_angle": {
      "left": {
        "mean": 163.85487614213068,
        "std": 14.246633325510158
      },
      "right": {
        "mean": 148.80596494589372,
        "std": 20.131975281532846
      }
    },
    "arm_height": {
      "left": {
        "mean": -34.26315689086914,
        "std": 18.854549407958984
      },
      "right": {
        "mean": -79.2813949584961,
        "std": 35.21208572387695
      }
    },
    "leg_height": {
      "left": {
        "mean": 13.50443089261968,
        "std": 13.62812628414897
      },
      "right": {
        "mean": 4.793703769115692,
        "std": 8.483683350347972
      }
    },
    "head_angle": {
      "mean": 23.040111988906162,
      "std": 6.7682241061018775
    },
    "step_rhythm": {
      "steps_per_minute": null,
      "detected": false
    }
  }
}