{
  "video_path": "data\\golden_template\\golden_video.mp4",
  "metadata": {
    "fps": 30.0,
    "width": 1280,
    "height": 720,
    "frame_count": 47,
    "duration": 1.5666666666666667
  },
  "statistics": {
    "arm_angle": {
      "left": {
        "mean": 122.4595508244555,
        "std": 26.90944661456825,
        "min": 57.16414505136368,
        "max": 179.3116234733634,
        "count": 47
      },
      "right": {
        "mean": 152.03053020961138,
        "std": 18.802474484423204,
        "min": 111.35868331704557,
        "max": 178.47007690702011,
        "count": 47
      }
    },
    "leg_angle": {
      "left": {
        "mean": 160.97411994900847,
        "std": 11.61110297659876,
        "min": 141.43923276418835,
        "max": 178.74316747489442,
        "count": 47
      },
      "right": {
        "mean": 153.936951382577,
        "std": 14.474175510619041,
        "min": 131.02325888887117,
        "max": 179.94990956296905,
        "count": 47
      }
    },
    "arm_height": {
      "left": {
        "mean": -40.24043273925781,
        "std": 26.408288955688477,
        "min": -91.91787719726562,
        "max": 13.897979736328125,
        "count": 47
      },
      "right": {
        "mean": -77.73928833007812,
        "std": 34.80885696411133,
        "min": -119.31439208984375,
        "max": -9.956268310546875,
        "count": 47
      }
    },
    "leg_height": {
      "left": {
        "mean": 11.085129758144946,
        "std": 9.648625662677128,
        "min": 0.0,
        "max": 35.443359375,
        "count": 47
      },
      "right": {
        "mean": 1.7996865130485373,
        "std": 4.509000623826386,
        "min": 0.0,
        "max": 16.55963134765625,
        "count": 47
      }
    },
    "head_angle": {
      "mean": 23.14356098783777,
      "std": 6.9900807290181,
      "min": 6.63348913192749,
      "max": 38.47943115234375,
      "count": 47
    },
    "torso_stability": {
      "mean": 268.3757019042969,
      "std": 0.0,
      "min": 268.3757019042969,
      "max": 268.3757019042969,
      "count": 1
    }
  },
  "total_frames": 47,
  "valid_frames": 47
}