{
  "metadata": {
    "fps": 30.0,
    "width": 1080,
    "height": 1920,
    "frame_count": 240,
    "duration": 8.0
  },
  "num_frames": 237,
  "statistics": {
    "arm_angle": {
      "left": {
        "mean": 109.14945391370188,
        "std": 51.58757174436681
      },
      "right": {
        "mean": 113.15853293221214,
        "std": 42.1155714721385
      }
    },
    "leg_angle": {
      "left": {
        "mean": 167.5580817358039,
        "std": 11.076697870288665
      },
      "right": {
        "mean": 162.37254246663397,
        "std": 14.339938303523093
      }
    },
    "arm_height": {
      "left": {
        "mean": -152.66773986816406,
        "std": 119.47652435302734
      },
      "right": {
        "mean": -146.22128295898438,
        "std": 134.4250946044922
      }
    },
    "leg_height": {
      "left": {
        "mean": 27.728712894745517,
        "std": 48.84279904856227
      },
      "right": {
        "mean": 28.32824913057094,
        "std": 58.77936700070389
      }
    },
    "head_angle": {
      "mean": 21.773016683695428,
      "std": 14.25097556155863
    },
    "step_rhythm": {
      "steps_per_minute": null,
      "detected": false
    }
  }
}