{
  "video_path": "data\\golden_template\\golden_video.mp4",
  "metadata": {
    "fps": 30.0,
    "width": 1280,
    "height": 720,
    "frame_count": 101,
    "duration": 3.3666666666666667
  },
  "statistics": {
    "arm_angle": {
      "left": {
        "mean": 120.23030153407888,
        "std": 32.23488816871443,
        "min": 16.94289642227262,
        "max": 179.11075073303957,
        "count": 101
      },
      "right": {
        "mean": 146.8308581697974,
        "std": 18.692136934973888,
        "min": 111.6517825182017,
        "max": 177.7319782839249,
        "count": 101
      }
    },
    "leg_angle": {
      "left": {
        "mean": 162.66411109980203,
        "std": 11.652991649517846,
        "min": 136.11318762990473,
        "max": 179.60952665820062,
        "count": 101
      },
      "right": {
        "mean": 157.1369288790621,
        "std": 13.797448650155031,
        "min": 130.5344463503182,
        "max": 179.44403898633442,
        "count": 101
      }
    },
    "arm_height": {
      "left": {
        "mean": -41.326568603515625,
        "std": 24.118549346923828,
        "min": -92.84564208984375,
        "max": 11.29144287109375,
        "count": 101
      },
      "right": {
        "mean": -67.73967742919922,
        "std": 35.80965805053711,
        "min": -118.96807861328125,
        "max": -7.926849365234375,
        "count": 101
      }
    },
    "leg_height": {
      "left": {
        "mean": 10.877858983408107,
        "std": 9.050163328637954,
        "min": 0.0,
        "max": 34.65277099609375,
        "count": 101
      },
      "right": {
        "mean": 1.204147489944307,
        "std": 3.5197897532586846,
        "min": 0.0,
        "max": 14.83203125,
        "count": 101
      }
    },
    "head_angle": {
      "mean": 24.978293088403078,
      "std": 6.405301894363051,
      "min": 6.785029411315918,
      "max": 39.36933135986328,
      "count": 101
    },
    "torso_stability": {
      "mean": 1005.0271606445312,
      "std": 0.0,
      "min": 1005.0271606445312,
      "max": 1005.0271606445312,
      "count": 1
    }
  },
  "total_frames": 101,
  "valid_frames": 101
}