{
  "video_path": "data\\golden_template\\golden_video1.mp4",
  "metadata": {
    "fps": 30.0,
    "width": 720,
    "height": 1280,
    "frame_count": 985,
    "duration": 32.833333333333336
  },
  "statistics": {
    "arm_angle": {
      "left": {
        "mean": 95.8368272127151,
        "std": 69.12839225299975,
        "min": 0.22377848217886687,
        "max": 179.80116535395973,
        "count": 984
      },
      "right": {
        "mean": 112.6086292655601,
        "std": 43.9869834147084,
        "min": 0.25099411016885037,
        "max": 179.9647684852201,
        "count": 984
      }
    },
    "leg_angle": {
      "left": {
        "mean": 170.284499921614,
        "std": 8.642073768015399,
        "min": 117.19943119571923,
        "max": 179.97769420020057,
        "count": 984
      },
      "right": {
        "mean": 171.93008172583757,
        "std": 7.39732009945529,
        "min": 124.82493210960683,
        "max": 179.9999310924796,
        "count": 984
      }
    },
    "arm_height": {
      "left": {
        "mean": -79.6898422241211,
        "std": 64.94744110107422,
        "min": -210.148193359375,
        "max": 79.02618408203125,
        "count": 984
      },
      "right": {
        "mean": -94.10530853271484,
        "std": 55.042816162109375,
        "min": -245.61590576171875,
        "max": 88.15817260742188,
        "count": 984
      }
    },
    "leg_height": {
      "left": {
        "mean": 24.392516841733357,
        "std": 31.884870673860537,
        "min": 0.0,
        "max": 131.54925537109375,
        "count": 984
      },
      "right": {
        "mean": 5.884152482195598,
        "std": 13.056459753864045,
        "min": 0.0,
        "max": 121.8477783203125,
        "count": 984
      }
    },
    "head_angle": {
      "mean": 10.613000176439867,
      "std": 8.133568219433736,
      "min": 0.0010457838507423119,
      "max": 39.55777980708878,
      "count": 984
    },
    "torso_stability": {
      "mean": 28897.615234375,
      "std": 0.0,
      "min": 28897.615234375,
      "max": 28897.615234375,
      "count": 1
    }
  },
  "total_frames": 985,
  "valid_frames": 984
}