{
  "person_id": 0,
  "total_score": 2.0030663184254465,
  "max_score": 10.0,
  "breakdown": {
    "arm_technique": 0.004672502352821505,
    "leg_technique": 0.005465060084079094,
    "step_rhythm": 10.0,
    "torso_stability": 0.0001252484718807961
  },
  "weights": {
    "arm_technique": 0.3,
    "leg_technique": 0.3,
    "step_rhythm": 0.2,
    "torso_stability": 0.2
  },
  "grade": "Yếu"
}