{
  "person_id": 0,
  "score": {
    "person_id": 0,
    "total_score": 2.0030663184254465,
    "max_score": 10.0,
    "breakdown": {
      "arm_technique": 0.004672502352821505,
      "leg_technique": 0.005465060084079094,
      "step_rhythm": 10.0,
      "torso_stability": 0.0001252484718807961
    },
    "weights": {
      "arm_technique": 0.3,
      "leg_technique": 0.3,
      "step_rhythm": 0.2,
      "torso_stability": 0.2
    },
    "grade": "Yếu"
  },
  "errors_summary": {
    "arm_angle": {
      "left": {
        "mean": 42.70721608352441,
        "std": 28.828049309029538,
        "max": 150.60643353953748,
        "min": 0.719642712698743
      },
      "right": {
        "mean": 28.870983759636935,
        "std": 27.541444643995895,
        "max": 124.17147789616966,
        "min": 0.0538886926739508
      }
    },
    "leg_angle": {
      "left": {
        "mean": 29.673634732457323,
        "std": 12.068835860523494,
        "max": 45.417841610762395,
        "min": 0.5379474117988821
      },
      "right": {
        "mean": 12.33371920497624,
        "std": 7.22354135463993,
        "max": 31.418073574051107,
        "min": 0.20865168436782255
      }
    },
    "arm_height": {
      "left": {
        "mean": 726.7998046875,
        "std": 32.15276336669922,
        "max": 846.87060546875,
        "min": 659.1591186523438
      },
      "right": {
        "mean": 733.67529296875,
        "std": 50.8764762878418,
        "max": 891.6380615234375,
        "min": 660.34033203125
      }
    },
    "leg_height": {
      "left": {
        "mean": 79.78301239013672,
        "std": 23.681705474853516,
        "max": 104.8519287109375,
        "min": 1.3126220703125
      }
    },
    "head_angle": {
      "mean": 22.575592223240598,
      "std": 6.051309681122472,
      "max": 35.317034814099415,
      "min": 3.2537553198043696
    }
  },
  "recommendations": [
    "Tay lệch góc trung bình 42.7° - Cần điều chỉnh góc tay",
    "Chân lệch góc trung bình 29.7° - Cần điều chỉnh góc chân",
    "Đầu lệch góc trung bình 22.6° - Cần ngẩng đầu thẳng",
    "Điểm tổng thấp - Cần luyện tập thêm để cải thiện"
  ]
}